{
  "images" : [
    {
      "idiom" : "universal",
      "filename" : "Air_Balloon_63.808764940239px_1188422_easyicon.net.png",
      "scale" : "1x"
    },
    {
      "idiom" : "universal",
      "filename" : "Air_Balloon_95.713147410359px_1188422_easyicon.net.png",
      "scale" : "2x"
    },
    {
      "idiom" : "universal",
      "filename" : "Air_Balloon_127.61752988048px_1188422_easyicon.net.png",
      "scale" : "3x"
    }
  ],
  "info" : {
    "version" : 1,
    "author" : "xcode"
  }
}