{
  "images" : [
    {
      "idiom" : "universal",
      "filename" : "Captain_America_64.192192192192px_1188436_easyicon.net.png",
      "scale" : "1x"
    },
    {
      "idiom" : "universal",
      "filename" : "Captain_America_96.288288288288px_1188436_easyicon.net.png",
      "scale" : "2x"
    },
    {
      "idiom" : "universal",
      "filename" : "Captain_America_128.38438438438px_1188436_easyicon.net.png",
      "scale" : "3x"
    }
  ],
  "info" : {
    "version" : 1,
    "author" : "xcode"
  }
}